Ticket ID,processed_text,Ticket Type,Ticket Priority
1,71701,Technical issue,Critical
3,".{_}.,'.1.8.3",Technical issue,Low
7,".'','.?1",Product inquiry,Critical
11,800 799 0808.:'2,Cancellation request,High
15,"330:2007:11,532",Billing inquiry,High
18,0]-[0]-[0]-[0,Product inquiry,High
21,"""""-1.10.2""1.10.2""""-",Refund request,High
23,.)1.3.2.13.0,Cancellation request,Medium
32,29.89,Technical issue,Medium
35,"3,,{_}",Refund request,Low
46,".""'1.0",Product inquiry,Low
50,".,303.938.2837",Technical issue,Medium
56,3–9,Cancellation request,Critical
64,4.1.7,Billing inquiry,High
75,.[1] [2]-,Billing inquiry,Critical
86,.?12,Product inquiry,High
89,|28 3028 3032||,Billing inquiry,Critical
98,.?1,Product inquiry,High
99,.12,Billing inquiry,High
119,1){__},Refund request,High
120,5.2.2.5,Billing inquiry,Low
121,.!55,Billing inquiry,Medium
124,"12.09.2017,:*[1]*[2]*[3",Product inquiry,Low
125,----#__1//[01,Technical issue,High
129,4.3.0 4.2.2,Cancellation request,Medium
134,.15,Refund request,Critical
137,33.00,Cancellation request,Critical
140,10:44:17][':2,Cancellation request,Low
143,30''-,Billing inquiry,High
145,.31111011148101310,Refund request,Low
149,1:0:0:0:0:0[-,Refund request,High
154,4:.#5:{_}.#6,Technical issue,Medium
155,6.0.2.6.0.1.6.0.0,Technical issue,Medium
157,1.1.4.29,Product inquiry,Low
162,"0,""0",Refund request,High
167,"3.99-$3.98,25",Refund request,Medium
169,.'.?.2,Billing inquiry,High
176,01:12:47.547][/,Technical issue,Medium
177,"-11,""""#25-,-",Technical issue,Medium
179,5.00 $13.00,Billing inquiry,Medium
182,-100,Cancellation request,Critical
185,1.1%.2.1%.3,Refund request,High
193,17:42]23 -[37]:-15,Product inquiry,Medium
194,.'.?1 13456,Cancellation request,Critical
197,110—.,Refund request,Low
200,3.6-,Product inquiry,Medium
201,01124/8/::26,Product inquiry,Critical
211,.$50$100$50,Technical issue,Low
213,.23,Technical issue,Medium
215,".{_}.,'.$-",Product inquiry,Low
224,1.13191422152955456214954559.454545.45453057.4545,Refund request,Low
231,"6,$799,$3,600-",Refund request,Low
242,"1),.2",Billing inquiry,Low
247,3/28,Technical issue,Medium
248,".?.—.(@)24,2016",Billing inquiry,Medium
249,2257,Refund request,Critical
253,.'.?''4,Cancellation request,High
264,.1-:$4.99,Product inquiry,Medium
266,"25:$125:$250:$500:$1,000:$2,000:$3,000:$4,000:$",Cancellation request,Medium
271,.?#1,Billing inquiry,Critical
285,.(_=='\,Billing inquiry,Low
311,810/,Technical issue,High
317,-.3,Cancellation request,High
332,--}}}//}}}//}}}////</,Cancellation request,Medium
334,"1,000.24",Technical issue,Medium
335,".,'.?1:60",Product inquiry,High
339,.?--__[10/3/20156:55:33,Technical issue,Critical
353,.'.100,Refund request,High
356,3.6·4·6,Billing inquiry,High
362,@.24,Product inquiry,Medium
370,300.00,Product inquiry,Low
374,3611.2.21:30,Technical issue,Critical
379,155,Refund request,Medium
385,"/#____(,_,):.=",Product inquiry,Critical
387,4.1().5,Cancellation request,Critical
389,"24/12/2014,11:22:41]:![24/12/2014",Refund request,Medium
390,0/4 0.1(0.00%)1.0(0.00,Billing inquiry,Medium
391,4.18,Technical issue,High
397,".,2014",Refund request,Low
399,"10$1.25!()*$10,$5",Billing inquiry,Critical
405,"1215,$955,$967.'$2,867",Cancellation request,Critical
408,18:59:16]:**/((98)):(98)</,Technical issue,Medium
412,250,Refund request,Low
416,@**.*>*{/,Refund request,Critical
422,2.5.51,Cancellation request,Medium
423,1010/31/201619:16:142110/31/201619:16:1723/,Cancellation request,Low
424,".(@)15,2014",Product inquiry,High
436,".""-$11,000",Billing inquiry,Critical
442,"1,0}$1,199.000{:1",Technical issue,Medium
453,"//(,){$'-",Billing inquiry,Critical
454,2.99.$1000,Billing inquiry,High
458,26719 439 4497,Refund request,Critical
460,5.6.7.//,Product inquiry,Low
469,1]1.0.8-,Cancellation request,Low
470,0.50$7.99,Technical issue,Low
472,.'.?'15,Product inquiry,High
474,"/<=""__""=""50472 845-",Technical issue,Medium
476,"-,.311.'-",Billing inquiry,High
478,||||,Cancellation request,Critical
479,3/1/16,Billing inquiry,Low
481,.'$50,Cancellation request,Medium
486,.?.[12:43:40,Product inquiry,Medium
493,.7.3.1,Billing inquiry,Critical
495,294823:3 3:2015:2,Billing inquiry,Low
500,"27/12/2014,5:02:00",Billing inquiry,Critical
505,2017.08.1124:18:54][/,Product inquiry,Low
507,3.30$250,Cancellation request,Critical
513,~60,Refund request,Low
516,.?.1,Technical issue,Medium
524,.?$-,Cancellation request,High
525,1.00,Refund request,Low
527,814353716).(16791812,Refund request,Critical
533,.$200,Refund request,High
534,01:13:12][/,Product inquiry,Medium
538,".'.?,1.22",Technical issue,High
544,"/.={"""":"""","""":""$0.99"",'-",Refund request,Low
546,14.2.5.2(4.1)(6).14.2.5.3,Cancellation request,Medium
552,.'.?->-,Technical issue,Critical
555,6.7.6,Product inquiry,Critical
557,1.5,Cancellation request,Low
559,"17-,3()'-",Product inquiry,Critical
565,5.1,Cancellation request,High
574,.$20,Cancellation request,Critical
577,"14,15",Product inquiry,Low
585,1.3:-,Cancellation request,Critical
586,".?!0.8.10,0.8.9,0",Refund request,Critical
587,"2013,04:27)[1",Refund request,Critical
593,•'.3,Technical issue,Critical
596,3<3.<3,Cancellation request,Low
602,"@)2,2016",Technical issue,High
603,40.-,Billing inquiry,Critical
610,800 838 8847,Refund request,Medium
613,".,'.?3",Refund request,Medium
614,.#1,Refund request,Low
616,"800 266 3538.,(401)856",Cancellation request,Low
621,"-.',.?10-",Billing inquiry,Low
625,.?1)$10,Billing inquiry,Medium
631,.?4,Refund request,Medium
633,.?1.$,Cancellation request,Critical
635,".?[{""#_2",Cancellation request,Medium
644,56700,Cancellation request,Critical
646,5.2).//29.4.0(8.5,Refund request,Low
650,3.0.5,Technical issue,Critical
657,1.9950,Refund request,Critical
658,"4,.-/",Technical issue,High
661,09/29/201710:39:40][00_=2][11/1/20178:44,Product inquiry,Medium
666,•:(510)541 6550(800)785 3180(212,Cancellation request,Medium
675,3.1.5,Product inquiry,High
680,16.01,Technical issue,Critical
686,2017 0302:43:49,Billing inquiry,High
691,"-.',.?1",Billing inquiry,Medium
693,505,Cancellation request,Critical
698,".,-:0157",Billing inquiry,Critical
705,2016 0208:44:20]:30.125()1.'-,Refund request,High
707,99.99-'-,Technical issue,High
719,1)0.15,Product inquiry,Critical
722,-.1,Billing inquiry,Low
732,0653589[02:24:06]-,Cancellation request,Low
734,"68637,94662",Cancellation request,Medium
738,.:51553,Product inquiry,Low
746,-.3.0,Cancellation request,Medium
747,7.99$3.99$0.99$9.99$11.99$13.99$15.99,Technical issue,High
749,18.99,Technical issue,Critical
752,11:30,Cancellation request,Medium
753,"-.',.?1",Cancellation request,Critical
757,8.7,Refund request,Low
760,2.3.4,Refund request,Low
766,2017-.1 2017-,Refund request,Critical
779,0:04/18/2018,Cancellation request,Low
791,.=}}(){{//.,Product inquiry,High
794,•.•1,Product inquiry,Critical
797,".,.$$$$",Technical issue,High
819,.?!5.50505010,Refund request,High
820,6.4912.$25,Cancellation request,Medium
830,5.'-,Refund request,Critical
831,"4]:"""","""","""".[5",Billing inquiry,Critical
835,1:00 1:45,Refund request,Critical
836,.2.3,Billing inquiry,Critical
855,".,.?.3",Billing inquiry,High
856,7.00020.00:'{_},Billing inquiry,High
857,"3.,'-",Billing inquiry,High
871,0014.$34.95,Technical issue,Critical
874,.(5,Technical issue,Medium
879,1413882:1413882:112013:11 20130:06:36,Billing inquiry,Critical
886,14:03:15]:./,Refund request,Low
895,12.12.201517:20:20[011357,Refund request,Critical
900,[=4][/][=12][/,Billing inquiry,Medium
912,.?$-$#'-,Refund request,Critical
913,"44,-.4",Refund request,Critical
915,".(@)27,2014",Refund request,Critical
920,.#:3,Technical issue,High
924,250/30,Refund request,Critical
932,2010,Cancellation request,Critical
935,.'.?1.--,Technical issue,Critical
945,2017,Cancellation request,Low
950,2.302018,Technical issue,Medium
953,"-=""505 506",Cancellation request,Low
960,800 859 72672-@-,Product inquiry,Medium
963,4:13:51,Product inquiry,Critical
966,".$4,$2",Product inquiry,Critical
974,1][2,Billing inquiry,Low
976,".,'.?3.0.0",Billing inquiry,High
982,14.95.130,Technical issue,Medium
987,.[.]6.1,Technical issue,Critical
990,",.5'-",Cancellation request,Low
1000,18.0.1,Billing inquiry,High
1003,/->=0;}/,Cancellation request,Medium
1005,3.'.4 1130,Refund request,Medium
1013,//=-1,Refund request,High
1015,20:45:14]:.()[20:45:14,Product inquiry,Critical
1020,".,.?[7/27/201313:46:35",Cancellation request,Critical
1024,.:[3,Technical issue,Medium
1030,"0},"""":""{_"","""":}{"""":16",Cancellation request,Critical
1032,.52/1/20177:58:03,Cancellation request,Critical
1037,4)5,Technical issue,High
1039,2.55,Product inquiry,Medium
1042,"-""""-""""(_>=0&&!_>'-",Product inquiry,High
1043,"^0$1,2,$3,$4=$",Product inquiry,High
1046,"1.3.01.3.0,1.3",Product inquiry,High
1050,"30,00):</1'-",Refund request,High
1053,/__=,Technical issue,Medium
1072,-500 1300-,Cancellation request,Low
1077,-(1):.0,Cancellation request,Low
1080,"27/12/2014,5:10:46",Billing inquiry,High
1085,5.'',Refund request,Medium
1089,1.1.1.21.2,Product inquiry,High
1090,.?.3,Billing inquiry,Low
1100,100-,Refund request,Medium
1104,1):{_></,Product inquiry,Critical
1106,0.11.4:'-,Product inquiry,Medium
1109,12//20142:21,Billing inquiry,Critical
1115,01068011600,Billing inquiry,High
1116,0.0020,Billing inquiry,High
1120,1424344858667,Product inquiry,High
1125,"1)3,""2",Refund request,High
1126,"8),'''1",Cancellation request,Low
1132,1.2.3.4.5.6.1.2.3.4,Billing inquiry,Medium
1133,1.01.1,Technical issue,Medium
1134,.$3.00,Refund request,Critical
1137,30:30:33]:/:-,Technical issue,Medium
1139,"2016,2013",Billing inquiry,Critical
1146,0035821033256,Product inquiry,High
1150,".,.?6",Billing inquiry,Critical
1152,//(1)/,Cancellation request,Low
1166,"-"""":[17,18,20,19,23,24,25,26,27,28,29,30,31",Technical issue,Medium
1167,.?<=,Cancellation request,Medium
1169,7/19/10:00,Product inquiry,Medium
1170,".,(=).,(=",Technical issue,Critical
1174,11/06/2014 11:17:10]:(8849,Billing inquiry,Low
1179,5.1.1,Billing inquiry,Low
1185,.{}=,Technical issue,High
1187,.?1.09(1.12,Refund request,Critical
1189,.?.3,Refund request,Critical
1190,2.6.1,Cancellation request,Medium
1197,"0.4.5"""""""".0",Billing inquiry,Medium
1200,"50,$50",Technical issue,Critical
1210,12#13,Billing inquiry,Medium
1214,2.25,Product inquiry,Medium
1222,0221504942304212.111215042304212.1,Product inquiry,Critical
1228,100,Billing inquiry,High
1236,4.9.1)-(){_} (4.9.0,Technical issue,High
1252,".,.?{_}.!4",Billing inquiry,High
1259,2008,Product inquiry,Low
1272,-.!.34,Cancellation request,Critical
1286,".?.3_4.(3,160",Product inquiry,High
1297,16:27:08][/][ _110549,Billing inquiry,Low
1300,7.0,Refund request,Low
1301,2017 21]:-.[2017,Refund request,Low
1312,12.96,Refund request,Medium
1315,3[12:17:16]:**/((834)):(834)</,Cancellation request,High
1319,"@"""",-_:1005",Cancellation request,Critical
1322,".,.?[17:34",Refund request,Critical
1325,1(3,Cancellation request,Critical
1330,->.':@,Product inquiry,Medium
1338,2.4.5(9 2016,Technical issue,Critical
1340,-$20-$10-$5-,Refund request,Critical
1343,1680::$1245.95,Cancellation request,Critical
1344,".,'$29",Billing inquiry,Critical
1348,"27/12/2014,5:23:33",Refund request,Critical
1351,"5.2.3 3.6.2,5.0.1,5.2.15.3",Technical issue,High
1354,"1,2",Technical issue,Low
1358,.}$10.0{_.}$10.0,Billing inquiry,High
1366,"-.',.?$40",Product inquiry,Medium
1368,0171259023017122010171258,Refund request,Low
1371,1(1,Technical issue,Critical
1379,-.$,Cancellation request,High
1380,"0,"""":[""2",Refund request,Medium
1390,-.$0,Product inquiry,High
1391,.?.--=,Technical issue,High
1399,.$8.50,Cancellation request,Low
1409,0.29,Refund request,High
1418,"2!'!,'-",Cancellation request,High
1425,888 873 1060,Technical issue,High
1428,"2.""""",Technical issue,High
1429,23:35:33,Technical issue,Medium
1433,"2)','.3",Billing inquiry,Low
1441,.$.,Billing inquiry,Low
1446,"-.',.?1",Billing inquiry,High
1449,.:32.1,Billing inquiry,Medium
1455,3.3,Refund request,Medium
1466,/$_['']='_';$_[''].=,Refund request,Medium
1467,-3200 1'-,Refund request,Critical
1473,2016 2222:49:57]::__[2016 2222,Refund request,Medium
1474,"12:53,03/16/2015",Technical issue,Critical
1482,.?5,Cancellation request,Medium
1490,.2.3,Technical issue,Low
1495,2213,Cancellation request,High
1496,1:#2,Cancellation request,Low
1498,"0;#,:""'-",Cancellation request,Low
1499,9.99,Product inquiry,High
1502,15201809:22,Billing inquiry,High
1511,2.-4,Product inquiry,Medium
1515,23:20:06}[/][/]:[-,Refund request,Low
1526,100,Technical issue,Critical
1529,12345,Refund request,High
1546,542#54228282006@20:37:12 0200,Billing inquiry,Critical
1550,.-.27,Product inquiry,Medium
1564,".?.-3.""""(-",Product inquiry,High
1566,"-,.27/5/201712:47:43",Billing inquiry,High
1568,0.08($14)$--,Refund request,Critical
1576,-::12,Cancellation request,Medium
1580,".,'.?''70",Technical issue,Medium
1584,".',8",Billing inquiry,Critical
1587,"1)"""".2",Product inquiry,High
1594,".].11,2014",Refund request,High
1598,14.1::15.2::16.1::17.1,Technical issue,Low
1611,"3,000",Billing inquiry,Medium
1619,0:01:01][/][/]:{__2,Refund request,Critical
1634,@.159425059,Product inquiry,High
1642,.$30.00,Cancellation request,Medium
1643,"/2-,,""1/12",Refund request,High
1646,0.00,Technical issue,High
1653,000,Product inquiry,Low
1662,1.4.5'.1.4.6:-,Product inquiry,Low
1663,11:44:12,Technical issue,Medium
1664,".,.?1",Cancellation request,Critical
1675,6<-=,Cancellation request,Low
1678,.#29,Technical issue,Critical
1679,.'.?'{_}7,Billing inquiry,Critical
1690,----15 25.---,Refund request,Medium
1694,".$7.45,$6",Product inquiry,Low
1697,"23/12/2014,5:19:19-:1->][23/12/2014",Refund request,Critical
1708,443,Billing inquiry,High
1715,2304:2304:8/21/2017:5,Refund request,Critical
1716,-1•(6 62017,Refund request,Low
1725,3.10.6.---,Refund request,Critical
1739,.:848 276,Product inquiry,High
1762,4:40:19][/]:$611'___-,Product inquiry,Medium
1783,3.3.1.2,Technical issue,Low
1785,".,'7.2.7.3",Refund request,Medium
1787,"-.',.?1",Product inquiry,High
1796,03:28:09][/,Product inquiry,High
1797,121513:231003080,Refund request,High
1801,5:25,Billing inquiry,Low
1802,26:22:17][/,Cancellation request,Low
1806,713 723 4545,Refund request,Low
1811,"""1.7.0",Billing inquiry,Low
1822,".,$",Refund request,Low
1823,0781076,Billing inquiry,High
1843,.?4,Cancellation request,Critical
1854,5.6,Technical issue,High
1859,.?{_}1,Refund request,High
1860,5.992,Refund request,Critical
1861,11/29/20162:19:01][/][2,Cancellation request,Medium
1864,01005514 0100595 036493816,Cancellation request,Low
1870,5.99:4.95:45,Billing inquiry,Critical
1872,3.1('-,Billing inquiry,Low
1881,"6)','-",Product inquiry,Low
1894,.'2011,Product inquiry,Low
1895,20:21:45.][]'{}':$=020000000.[20:21:45,Refund request,Low
1899,"1][]""'",Billing inquiry,Critical
1900,20.00,Refund request,High
1902,08:01:29][/]:[][:':\,Cancellation request,Low
1910,.$10$3,Product inquiry,Low
1912,.():$39-,Product inquiry,Low
1920,-9.8,Billing inquiry,High
1926,"10"":$22.99-$35.99:9.5",Product inquiry,High
1931,".,$40",Billing inquiry,Critical
1941,"10,"",{}:"""",{}:""$10",Refund request,High
1942,".,'.?:""60",Refund request,Low
1945,35$59,Refund request,High
1951,".{_}.,'.60",Cancellation request,High
1952,".?,:$",Product inquiry,Low
1954,"55""{}"":""639",Product inquiry,Low
1960,1=.('')[1].;1,Refund request,High
1962,1)-2,Billing inquiry,Medium
1965,17:25:23](@):?[17:25:26,Refund request,Medium
1974,1700{_}<-----,Product inquiry,High
1977,"-.'1,500",Technical issue,Medium
1984,"3,.3",Product inquiry,Low
1988,".,.?.3-",Billing inquiry,Medium
1992,22:30:43.711][/][/]:.-1,Product inquiry,Low
1994,0935201$49.00().1,Billing inquiry,Medium
1995,14:17:55][/]:[]4,Refund request,Medium
1998,10:54:46][/,Billing inquiry,Medium
2014,2011,Cancellation request,Medium
2024,9.95,Refund request,Critical
2025,-060,Billing inquiry,Low
2027,.5:50,Technical issue,Low
2031,.$11.3,Product inquiry,Critical
2032,55939,Cancellation request,Medium
2034,1.1.20-,Product inquiry,Medium
2051,"@)22,2016?—.(@)22",Refund request,Medium
2059,1/++1/211,Refund request,Critical
2060,2:? 2:?3,Billing inquiry,Low
2073,0.0717%)*.0.0.0.000000000000,Product inquiry,Medium
2078,.3.1.6.1'.3.1,Technical issue,Critical
2079,"100,1/2",Product inquiry,Medium
2084,0126](:160570,Product inquiry,Critical
2088,1].[1].[/3][/3,Billing inquiry,Critical
2093,1.2,Refund request,Low
2094,2009,Billing inquiry,Low
2106,"1.7.3.11""-",Billing inquiry,High
2109,134514551472148614971500,Product inquiry,High
2114,14:12:14][/]:[][/,Product inquiry,High
2115,"1.0.11.0.0,.1.0",Billing inquiry,Low
2127,150,Product inquiry,Low
2128,"9,350$3.50",Refund request,Low
2130,"-.',.?3",Cancellation request,Critical
2132,4.6::15.5::10::():4.7,Product inquiry,Critical
2134,2010,Billing inquiry,Critical
2135,4.2.2738 2018,Product inquiry,Low
2137,"3.$10,'.4",Refund request,Critical
2152,.?#2:20082,Billing inquiry,Low
2153,310:0,Refund request,Medium
2155,1.4.9[3][:]:[3,Product inquiry,Medium
2170,3.3.6 5/8/2014,Billing inquiry,Medium
2176,"6#2,$2.0",Product inquiry,Low
2179,1918,Product inquiry,Low
2180,"08/12/2014,12:27:40]:.[08/12/2014,12:27",Product inquiry,High
2184,'911,Refund request,High
2194,".,.?100",Billing inquiry,Medium
2202,1010,Billing inquiry,Low
2205,12.95$12.95,Cancellation request,Medium
2207,"1)'$10,.4",Cancellation request,Medium
2208,9.99,Technical issue,Medium
2211,-.7-(.-.$6,Product inquiry,Medium
2219,".,'.?1)",Technical issue,High
2220,.'.?->->-,Cancellation request,Medium
2232,".?[112014,17:53",Technical issue,Medium
2238,4.$39$39'-,Refund request,High
2241,"4)$8.00,2,3,4,5,6.!-",Refund request,High
2248,--3.4.4.-,Technical issue,Critical
2253,".,'.?[_]==_1",Cancellation request,High
2260,5/10(10).:::'-,Cancellation request,High
2262,505:12-:-:$6.99,Cancellation request,Medium
2263,/=->___._;(%5==0&&%10==,Refund request,High
2277,"@1)14,2016",Technical issue,Low
2290,".,(1818 1893",Cancellation request,Critical
2299,2.-('-,Technical issue,Critical
2301,"5,5",Billing inquiry,Low
2306,22.95$22.95$5.95,Cancellation request,Medium
2310,2014 2016#-,Billing inquiry,High
2312,"3.',.4",Refund request,High
2317,24.28,Billing inquiry,Critical
2319,0=1,Product inquiry,Medium
2325,2.3.25,Billing inquiry,Low
2331,18:44:18]:/1337:[18:44:25,Product inquiry,Low
2338,.?4/4/17,Technical issue,Critical
2342,30.00,Technical issue,Medium
2348,.?5,Product inquiry,High
2349,"3-(4-):3-(4-):0-$15,$",Technical issue,Critical
2356,".#0-$13.99,:$13.29-$",Product inquiry,Low
2358,20().$20,Cancellation request,High
2360,~3.14-'-,Technical issue,Critical
2365,2015,Refund request,High
2371,//'$,Refund request,Critical
2374,//056,Cancellation request,High
2379,".'','.?10",Technical issue,Medium
2383,07:54:18][/][]:[,Billing inquiry,Medium
2385,3.' '.4,Technical issue,Medium
2386,-@@_@2_@5@46,Product inquiry,High
2389,53/8/20131:38:3540090933288009,Technical issue,Low
2400,@{:#555,Technical issue,High
2403,"40,00",Product inquiry,Low
2406,15/,Cancellation request,Medium
2409,".,'.1/12/2011",Technical issue,Critical
2418,3/12/20176:30:39-[4,Refund request,High
2425,"3,000.1.2",Cancellation request,High
2427,"-.',.?4:'-",Technical issue,Low
2433,1.1.6.3.5,Product inquiry,Medium
2437,\\32\\\1.0\0.0.0.0\,Billing inquiry,Low
2444,18.99,Product inquiry,Critical
2446,01:54:09]:(053804,Cancellation request,Low
2458,8437,Technical issue,Low
2462,-.(0,Product inquiry,Medium
2472,123456789101112131415161718192021222324252627282930,Technical issue,Medium
2476,1058:-3,Cancellation request,Low
2477,300,Refund request,High
2481,01:59:19,Cancellation request,Critical
2486,03:14:20][/]:[][03:14:25,Technical issue,High
2489,"@)2,2014",Cancellation request,Critical
2492,'.$53.$,Technical issue,Medium
2498,-$0.10,Cancellation request,Low
2501,".,.?[05:35:37",Billing inquiry,Low
2507,--1,Refund request,High
2508,.[00:15:20,Product inquiry,High
2512,"0""""1"",""0",Refund request,Low
2514,.?[04/24/2015 11:21:41,Product inquiry,Medium
2519,.?2,Billing inquiry,Medium
2526,.$.99,Cancellation request,High
2528,6180161801 14130008,Refund request,Low
2537,".,.?[02:39:15",Product inquiry,Medium
2541,3'3,Technical issue,Low
2542,.?.!{_}[14:12:10,Technical issue,High
2554,123,Refund request,Critical
2556,".(@)5,2017':@@@",Product inquiry,High
2564,10.00,Cancellation request,Medium
2568,"-,$300$10",Product inquiry,High
2570,-34/5,Refund request,High
2571,"3.4.7,3.4.7",Refund request,High
2579,.::$79.95$79.95:8,Cancellation request,High
2581,6.1,Refund request,Critical
2585,8.453,Product inquiry,Low
2592,"1."" ""2.-",Technical issue,Low
2595,"@)17,2016",Refund request,Low
2597,.'.?4,Cancellation request,Low
2603,.?1,Cancellation request,Medium
2608,"-""-3000",Refund request,Low
2618,"28,201607:00",Cancellation request,Critical
2619,81]{_}.[82,Billing inquiry,Critical
2623,10/11/152:22:29]:[10/11/152:22:34,Cancellation request,Medium
2625,1.1-,Billing inquiry,Critical
2632,"10,000,$1.00",Technical issue,High
2634,".,'.?24",Product inquiry,High
2638,14.95,Refund request,Low
2641,866 338 8999,Billing inquiry,High
2643,30]#_32,Product inquiry,Low
2644,18/09/20162:42,Billing inquiry,High
2656,".,13.04(,21",Cancellation request,Low
2658,".(@_)12,2017",Billing inquiry,Low
2669,11.12.25.>1.2,Technical issue,High
2673,"0"":[1,""1""][:64,658,6",Refund request,Low
2676,"1,564.00",Technical issue,Medium
2683,2$4,Product inquiry,Medium
2685,.{0}#$50.0014.00$75.00,Technical issue,High
2688,"2.,.3",Billing inquiry,High
2694,@7/13/12:!@3/16/12,Cancellation request,Medium
2697,1004 0918,Product inquiry,Medium
2702,'$.,Product inquiry,Critical
2710,"12/1/201710:38:17]***:,22201604:03:15***[12",Cancellation request,Critical
2713,.0.01,Refund request,Low
2723,-(--:)[18:22:42.929][/,Billing inquiry,Low
2726,14100%.$14,Technical issue,Medium
2727,"50,25402540",Product inquiry,Medium
2728,"07/12/2014,1:19:23]:'.[07/12/2014",Billing inquiry,Low
2742,".,'.?7 2600",Refund request,Critical
2745,1.3.7.1,Billing inquiry,Medium
2749,3.1,Product inquiry,High
2755,"6.("""").7",Refund request,Critical
2761,"1110:42 12,2012#12",Cancellation request,High
2763,.:)2,Technical issue,High
2765,/$-(!$)$('$-');$-(!$.$,Technical issue,Low
2766,".,'.?7",Product inquiry,Low
2769,415,Product inquiry,Medium
2773,".?,$",Technical issue,Critical
2774,.?[03:17:36,Product inquiry,Low
2776,1234567891011,Refund request,Low
2780,".,(28",Cancellation request,Medium
2783,115.5,Billing inquiry,Medium
2789,1.//,Cancellation request,Medium
2793,24:36,Product inquiry,Critical
2802,/(){*=.,Cancellation request,Critical
2821,"23.79.,,$23",Technical issue,Critical
2822,"8"","""":""$39.95",Product inquiry,High
2824,2]:(1,Product inquiry,Low
2829,.'.?1,Technical issue,Medium
2830,12.0010,Cancellation request,Low
2835,3.2.1.2:••••,Technical issue,Medium
2836,50=['_';$];#$50,Cancellation request,Medium
2845,-01 0510 0510 4.1625-$49.99$34,Technical issue,High
2848,12/.,Technical issue,High
2852,.4/10/201713:21:56,Refund request,Medium
2874,926)'{_} (926)(968,Technical issue,High
2878,.?1155803233,Product inquiry,Medium
2887,.-12,Product inquiry,High
2888,233.6,Cancellation request,Medium
2896,25-$30,Billing inquiry,Critical
2897,15:34:50,Cancellation request,High
2901,1.00,Product inquiry,Low
2911,"100{_}5,10",Technical issue,Low
2916,".,.?/10",Billing inquiry,High
2918,"2.?'5.,'-",Cancellation request,High
2930,100-$250,Cancellation request,High
2932,-$150-'-,Refund request,High
2935,".,.?!2",Cancellation request,High
2943,—(@)14,Refund request,Medium
2946,.{_}.6,Billing inquiry,High
2950,40)/.,Refund request,Medium
2954,6#6_1_9007$1$2$1$0$0#13161119#17,Cancellation request,Critical
2957,3.1.5,Refund request,Low
2959,".,.?2.9,'-",Cancellation request,Medium
2960,"633-""149",Technical issue,High
2964,".?,.5",Billing inquiry,Medium
2975,"-.',.?1",Product inquiry,High
2983,10.10,Billing inquiry,Critical
2990,")11,2014",Technical issue,Medium
2997,3.99,Technical issue,Critical
3005,".?#2 17,2013",Product inquiry,Medium
3007,123456789101112131415//'.//,Refund request,Medium
3009,"14.16]:"""":[14",Refund request,Low
3011,.)$60,Refund request,High
3012,10:17,Refund request,Medium
3013,"-,+",Product inquiry,High
3021,1:1:02:033.6%2.1%3.7%3,Refund request,Medium
3023,370@1999268,Cancellation request,Critical
3026,7#8-,Product inquiry,High
3028,2:1).'-3,Billing inquiry,Low
3030,2.5.2,Product inquiry,Critical
3037,".?[29/12/2014,11:24:30",Cancellation request,Low
3041,16:38][16:39,Refund request,High
3045,.?.9,Product inquiry,Low
3046,.(18,Product inquiry,Medium
3049,--.-.4,Refund request,Critical
3050,.'.?1,Billing inquiry,Low
3052,--|,Billing inquiry,High
3054,012345678910,Refund request,Critical
3056,"1)""-",Billing inquiry,Critical
3065,3.5.8,Technical issue,Medium
3066,.$16,Technical issue,Critical
3067,"25,000",Refund request,Low
3069,"@_)28,2014",Cancellation request,Low
3075,".,.?,$10.0",Cancellation request,Medium
3076,00:00:19][/]:$'':[00,Product inquiry,Critical
3080,3.1,Refund request,Critical
3086,"3.,:[]5",Product inquiry,Critical
3097,12:17:39][/][]:.__.[12,Refund request,Medium
3098,-30 135.6(#5 4539,Technical issue,Medium
3101,"@')9,2015",Cancellation request,Medium
3102,03/4/201617:57:110.0.0.1:$1.(1.0,Refund request,Medium
3105,1-=,Cancellation request,Critical
3106,"-.',.?1",Product inquiry,Low
3113,-134567811121314151617181920212223242526272829303132333435,Cancellation request,Medium
3117,"6.49/102,2",Cancellation request,Medium
3125,"200.00[]""-",Product inquiry,Low
3127,2.99-$1.49 -$1.49 -$1,Billing inquiry,High
3130,"-.',.?1",Refund request,Critical
3138,\\32\.:14.17.0025.17,Product inquiry,Medium
3140,1._??2,Product inquiry,Critical
3146,1.01,Billing inquiry,Critical
3147,1#4,Refund request,High
3154,3.7•--1.5,Refund request,Low
3155,2.0/,Billing inquiry,Critical
3159,55:$17.49,Technical issue,Medium
3160,"14.0&&>=7,#//",Billing inquiry,Low
3161,.?(3-,Billing inquiry,Medium
3163,".[=]30,2016",Technical issue,Medium
3166,1.0,Product inquiry,High
3167,.'.?3,Billing inquiry,Low
3169,".$80,$10",Refund request,High
3173,.'.?1,Technical issue,Medium
3174,"2$29$29$29,00$29,00$29,00$39$39,00$29",Cancellation request,Low
3189,".,'.?$---/",Billing inquiry,Medium
3193,12/1/201520:03:27.12/'-,Product inquiry,Low
3199,:$-,Cancellation request,Medium
3215,.-1,Refund request,Low
3216,".,'.?.6.0(5",Billing inquiry,Low
3220,"@-)19,2015@-",Product inquiry,Medium
3221,"-','5",Product inquiry,Medium
3225,154,Product inquiry,Medium
3243,"25/12/2014,11:18:10]:'.[25/12",Billing inquiry,Critical
3246,9.99,Product inquiry,Critical
3258,.?1,Product inquiry,High
3259,0}{__1}{.}{__1,Cancellation request,Critical
3261,03:48:39]::1345694615[03:48:39,Technical issue,Critical
3272,1==='\,Billing inquiry,Low
3274,"0))[1:]},{(_,1,(_'-",Refund request,Low
3280,".(@)18,2017",Product inquiry,Medium
3285,360(/,Cancellation request,High
3286,@__144/22/201511:03:3319 204$200,Cancellation request,High
3289,817,Technical issue,High
3290,-3()-,Technical issue,High
3301,"3,'.<3",Technical issue,Medium
3305,1.1,Product inquiry,Low
3312,"80+,",Cancellation request,Low
3314,"•:–1,000(12017",Product inquiry,High
3323,-:(1,Technical issue,Medium
3333,232016,Refund request,Medium
3343,2.7.7-,Cancellation request,Medium
3351,.?.7/7.6.8,Refund request,Critical
3368,".$233.5.(),0",Billing inquiry,High
3370,1#2,Billing inquiry,Low
3373,"6.50,.$6.50",Technical issue,High
3376,.?[09:43:34][/,Cancellation request,Critical
3379,141110.06.201613:23,Product inquiry,High
3383,04/01/2015 8:41:11][-,Cancellation request,Medium
3388,"2:5 6,4",Refund request,Critical
3391,13:01:01][10:00:02,Billing inquiry,Medium
3395,1.1.3,Cancellation request,Medium
3396,"1,000",Cancellation request,High
3406,888 996 7678,Cancellation request,Medium
3410,".,.?[488477804554308",Cancellation request,Medium
3412,.?.{_}.23,Refund request,Low
3414,456789010,Refund request,Medium
3426,"6),.2",Refund request,High
3427,958 4571 327,Cancellation request,Medium
3439,1).2,Product inquiry,Low
3444,.?1,Product inquiry,Medium
3449,09:13:55,Refund request,Critical
3452,63322/02/20175:36:2512,Billing inquiry,Critical
3456,".""//-1/"").'""'>.""//",Cancellation request,Critical
3463,25.005.5,Technical issue,Medium
3469,.?#2,Product inquiry,High
3476,"-""""+",Billing inquiry,High
3480,1.1.3-,Cancellation request,Medium
3486,"-.',.?[1:21",Technical issue,Critical
3497,300,Refund request,High
3503,"1."""".2",Cancellation request,Medium
3504,0#___0.6,Cancellation request,Medium
3506,6.00$0.95$35$45,Billing inquiry,Critical
3509,4.3.1.2.64&-,Cancellation request,Medium
3511,0:58(0.0033).0:58(0.0033,Cancellation request,Low
3512,".,.?:"":2",Technical issue,High
3517,"00=70770,00002300000010000500000064000000",Technical issue,Medium
3518,05201207:29,Technical issue,Low
3519,-.:|,Technical issue,Critical
3529,".,.?—.(@)29",Refund request,Critical
3530,1-(800)447 1227,Technical issue,Low
3538,23:46:27]:/,Billing inquiry,High
3547,".,.?1",Technical issue,Medium
3549,0.000157355959570.000157355959570.000157355959570,Refund request,Low
3558,7:25,Cancellation request,Low
3573,"20,2017",Technical issue,Critical
3574,.?6711:'-,Product inquiry,High
3576,4.'.#4.#5,Refund request,Low
3577,800 345 22162 833 745 3683-,Refund request,Medium
3580,@)30,Refund request,Critical
3581,"20-,5",Billing inquiry,Low
3583,55.001.#$55,Technical issue,High
3587,8.1.13.1.5,Cancellation request,Medium
3598,--$,Technical issue,Medium
3600,\\\\\7\._=1,Cancellation request,High
3603,.3.5.1-,Technical issue,Critical
3608,1].[#2].[#3,Refund request,High
3612,"2""'""-",Cancellation request,Low
3614,"-.',.?$/'-",Product inquiry,Medium
3618,.?(0)100,Cancellation request,Low
3620,".?23""--",Product inquiry,Critical
3623,"-.',.?10",Refund request,Low
3625,10.9,Product inquiry,High
3629,/3:01,Cancellation request,Critical
3644,10.99:::-01 0100 0010,Cancellation request,Low
3656,-*-:-8-*-,Technical issue,Medium
3658,.'10,Product inquiry,Low
3661,".,'.?:(1",Product inquiry,Critical
3664,"16.99""""-$36.99",Refund request,Medium
3672,".,'.?,5",Cancellation request,Low
3675,"@_)11,2014",Refund request,High
3676,"1.5.3,"""".1.5",Cancellation request,Medium
3677,5.2.2.1.3.1.5.2.2.0.9,Billing inquiry,Low
3684,"150,$200",Billing inquiry,Medium
3692,1.$30,Product inquiry,Medium
3703,3.?.119,Refund request,Critical
3713,".""=",Product inquiry,High
3714,"1)()-.2),-",Cancellation request,Medium
3717,"940,'$699 699",Cancellation request,High
3720,.?$-,Cancellation request,Critical
3721,".,.?2007,2006",Product inquiry,Critical
3722,27/16/201315:36:4113 1932011-,Product inquiry,Medium
3724,"0""(2),""-1 103",Product inquiry,Medium
3729,1.3,Technical issue,High
3731,1.5.11,Technical issue,Critical
3734,14$14,Product inquiry,Low
3737,15.$45,Refund request,Medium
3739,7'-,Product inquiry,Low
3744,สสทีลาาง!คมที้ต่,Refund request,Low
3748,''$29,Product inquiry,High
3752,3)->'.(4)-,Refund request,Critical
3761,300/$299$6:$5().$14.95,Billing inquiry,Critical
3763,"950,:1",Technical issue,High
3765,4:03,Technical issue,Critical
3771,1288 490 999 55304,Technical issue,High
3778,201600:09,Cancellation request,High
3779,2.2911910,Billing inquiry,High
3780,"3),4",Technical issue,Low
3781,7:39:14]*__(41365,Technical issue,Low
3789,706):-,Cancellation request,Medium
3791,100,Cancellation request,Critical
3792,.(4,Refund request,Low
3794,5.1.3.2,Cancellation request,High
3798,".{_}.,'.2",Refund request,Medium
3805,10151,Technical issue,Critical
3815,29.50$29.00$29.002-$29.502,Billing inquiry,Critical
3816,".?""-(1,2",Product inquiry,High
3827,-:703:500:703,Billing inquiry,Critical
3831,////_____________________________________________*//#5-,Billing inquiry,Low
3833,-.22016:-,Cancellation request,Medium
3839,.?':.10,Billing inquiry,High
3853,.'.?:1-,Product inquiry,Medium
3862,833)235 0143(833)239 1887,Cancellation request,Medium
3867,"2015,08:58#32",Cancellation request,Low
3870,131860()2006 2018,Product inquiry,Low
3872,.###__=_###__=,Cancellation request,Low
3875,121111721/25/20171:01:03:44,Billing inquiry,Low
3878,.'.?4:1,Product inquiry,Critical
3883,".'10,000",Cancellation request,Low
3889,.$('#').({-$_=>{=1,Product inquiry,Critical
3892,"1]#_""312""//3",Refund request,Medium
3898,1.998:48,Technical issue,Medium
3904,"@_)14,2017",Technical issue,Critical
3906,-24200/4000:43.5&5.5,Product inquiry,Critical
3920,"25,000",Billing inquiry,Medium
3925,162018:1,Cancellation request,Medium
3932,-.+,Technical issue,High
3934,.?5,Technical issue,Medium
3940,.{{.}}{{.}}{{._}}{{_}}<!--,Refund request,Critical
3941,1.4.5,Refund request,Low
3945,=.-$,Cancellation request,Critical
3947,0:5 1:57:7-,Billing inquiry,High
3951,.?{_}={_}'-,Technical issue,Medium
3960,17:09:54]:[17:09:54,Product inquiry,Critical
3962,-:_________________:3_3,Technical issue,Medium
3964,"4"",-=""1,2"",=""30",Billing inquiry,Critical
3972,"0675 1""=",Billing inquiry,Medium
3978,"7"","""":""7.0.9-",Refund request,High
3979,"76],:[75",Billing inquiry,Critical
3982,15:27:37]:/,Technical issue,Medium
3986,"2.""3$""@",Product inquiry,High
3988,8.2.2.19.0.0.19,Refund request,Critical
3990,".,.?3.4:0'-",Product inquiry,Critical
3992,50-$50.00.$75-,Billing inquiry,Low
3993,4).:@.,Technical issue,Critical
3996,.?:$,Billing inquiry,Critical
3998,2.5.6-,Technical issue,High
4008,"10$20,$15/$25",Billing inquiry,Medium
4012,-:0.1 0.2 0.3:-,Billing inquiry,High
4016,"6),.7",Refund request,Critical
4022,.)-10,Cancellation request,Medium
4038,13:13,Technical issue,Low
4046,53.6.41.2.0 53.6,Refund request,Critical
4048,".'""12",Technical issue,Critical
4056,05:49:05]ø,Billing inquiry,Medium
4058,".,.?!:2",Refund request,High
4063,10./$,Cancellation request,Medium
4065,-.$=,Cancellation request,High
4077,"25/12/2014,11:52:23]:'[25/12/2014,11:52",Product inquiry,Critical
4082,.?:1,Cancellation request,High
4085,5.1:2.7:3.1:3.2:3.3,Refund request,High
4096,-1:1.0.3,Technical issue,High
4102,"5,'6.07",Product inquiry,Medium
4105,"1,899$2,799+$2,499.$1,2991",Refund request,Medium
4111,17:50:02]:/:[17:50:03,Product inquiry,Critical
4112,10:09:27][/]:[][|,Product inquiry,Low
4119,"300,000",Refund request,Critical
4124,".,64",Cancellation request,Critical
4128,14.99,Product inquiry,High
4137,.'.?3.4,Billing inquiry,High
4145,.34,Product inquiry,Medium
4151,"10,""_"":""2018",Refund request,Critical
4154,"14.,.15",Billing inquiry,High
4157,8.9.4.0,Billing inquiry,High
4158,634.1[_][/,Cancellation request,High
4159,"7/8+,.7",Technical issue,Critical
4160,/')){;}(==,Cancellation request,Medium
4162,1422#_#=1421#@_#=1420,Billing inquiry,Low
4167,09:34:09]:[/,Product inquiry,Low
4177,"---""{""$-",Technical issue,Low
4180,-2-,Billing inquiry,Critical
4184,".$35.00$7.504)1,500",Billing inquiry,Medium
4205,.[0,Product inquiry,High
4209,"1.01,4.8",Refund request,High
4220,"6.2.11.,6",Technical issue,Medium
4227,".?.1,2",Billing inquiry,Low
4231,.1.13,Billing inquiry,High
4232,"-.[01/12/2014,2:41:18](@",Cancellation request,Critical
4236,.'.?1).2,Refund request,Critical
4237,"0,3",Technical issue,High
4238,.[2016.05.3101:27:39][/]:[][-,Cancellation request,Low
4239,.)3,Refund request,Critical
4243,1.;2,Cancellation request,Critical
4250,1.-,Cancellation request,Low
4265,2015!2 2015,Cancellation request,Critical
4268,.2401,Technical issue,Critical
4273,"4,'-",Refund request,High
4279,3.0.0.3.0.0,Refund request,Low
4282,.$3.38,Technical issue,Medium
4288,3810#33–+,Technical issue,Critical
4298,".'','.?$",Refund request,High
4302,"1%""""1",Product inquiry,Medium
4306,/[11.000]==>14/01/2014*****************************************************========================================================================,Refund request,High
4312,"100.006'1/4""12""4-(4",Billing inquiry,High
4315,.?'10.11,Product inquiry,Critical
4322,"2"","""":""$1.39",Refund request,Medium
4325,.'.?1.2,Cancellation request,Medium
4327,1]-,Technical issue,Low
4339,".'.?++2012,20172016",Cancellation request,Low
4352,.55,Cancellation request,High
4353,"5,08812.3 46.97",Cancellation request,High
4359,2).-,Refund request,High
4360,"23/12/2014,6:22:48]:'[23/12/2014,6",Product inquiry,Critical
4370,"/($_==""$7""&&($_-($",Technical issue,High
4383,@.*/_{[1]=5}_{[2,Billing inquiry,Critical
4387,"1,000.0051/2""1/5""11/",Billing inquiry,Low
4388,3-',Billing inquiry,Critical
4390,13567891011121314151617181920212223242526272829303132333435,Cancellation request,High
4392,".'','.?<=",Cancellation request,Medium
4395,.?[1:47:42 0100,Billing inquiry,Critical
4396,00714000 00400]:()()7-'-,Cancellation request,Low
4403,+7.0(10.0,Cancellation request,Low
4417,.:|:-,Product inquiry,Critical
4433,@__*(1-,Technical issue,Critical
4435,".,.?.:5215",Cancellation request,Critical
4437,1.52,Technical issue,Low
4439,4.99,Product inquiry,Medium
4447,.[30][01][04][05,Product inquiry,Medium
4452,7.-,Product inquiry,Medium
4462,1.1.1.1-#11151.1.5.1,Technical issue,High
4463,14.09.20181:47,Product inquiry,Low
4468,1:2:3:4:5:6:7:8,Cancellation request,Critical
4474,-50,Technical issue,High
4481,17:34:28]:**/((738)):(738)</.,Technical issue,High
4486,1.1,Cancellation request,High
4487,"1,"""":3,"""":5,"""":5",Billing inquiry,Medium
4488,.?[0014.27]:.(0,Product inquiry,Low
4496,2.?3,Refund request,Low
4503,17.9920!.''-,Billing inquiry,Critical
4505,02/04/20152:47:46,Product inquiry,Low
4512,100$100($90,Technical issue,Low
4521,.15.1,Refund request,Low
4524,"1.67/""22,2013:3/8/2013",Technical issue,Low
4528,6:44][/][2,Refund request,Critical
4531,"2.,.3",Refund request,Critical
4536,4()3 504,Cancellation request,Low
4547,5:26:43,Billing inquiry,Medium
4567,2015,Product inquiry,Critical
4570,"2'.[02/14/2014,7:29:08],-",Billing inquiry,High
4571,"39.99,279",Billing inquiry,Critical
4572,02:47:12,Cancellation request,Low
4573,.30,Cancellation request,Low
4574,".,.?,.4.'-",Technical issue,High
4580,14:25:45][/]:[][/,Technical issue,High
4586,".,.?9",Technical issue,High
4590,22:39:17]::**/( )[22:39,Refund request,Critical
4593,1234567891011121314151617181920212223|||,Cancellation request,High
4599,3_38,Product inquiry,High
4602,.:$10,Billing inquiry,Low
4605,".,'.?('10.8",Product inquiry,Critical
4607,50%+,Refund request,High
4612,1.4.2,Refund request,Low
4613,"5.',@",Refund request,Low
4617,.?-1-,Product inquiry,Medium
4631,49.50,Billing inquiry,High
4635,10.6,Refund request,Low
4645,".3,849(27,828",Product inquiry,High
4646,5/1/08()12:38:17.71755:14285068453673.(47,Technical issue,Medium
4650,"20.""1",Cancellation request,Low
4653,-:$4.99($2.102).-:$3.991,Billing inquiry,High
4658,103 4628,Refund request,Critical
4664,1][[1,Billing inquiry,Critical
4665,0471 849 408,Refund request,Low
4666,6.11.3,Billing inquiry,High
4667,.?#16,Billing inquiry,Medium
4669,"6.0.12,21!.6.0.3",Technical issue,High
4674,".$19.99.,!-",Cancellation request,Medium
4693,".?.—(@)3,2014",Cancellation request,Critical
4701,:307549,Billing inquiry,Critical
4708,2.1.1,Product inquiry,Low
4717,",.2",Product inquiry,Low
4718,"23,2016.(1.502.10",Refund request,Critical
4725,"11.04,11.04",Technical issue,Critical
4741,"(@)19,2013",Product inquiry,High
4743,.?{$,Cancellation request,Critical
4747,".?#12,022008",Refund request,High
4749,.$1,Product inquiry,Critical
4758,.?{*()==,Cancellation request,Critical
4768,17483520].'-,Billing inquiry,High
4769,0:00-!!0:14-,Billing inquiry,Medium
4770,".$11,000-",Product inquiry,Low
4777,3|9,Product inquiry,High
4782,.?1:.2,Cancellation request,High
4786,-.'$49/.,Cancellation request,Low
4793,.?24:25,Technical issue,Medium
4815,8.99():10%10,Product inquiry,High
4817,8.2.1].</,Cancellation request,High
4818,/.:1,Refund request,High
4825,1)-,Cancellation request,Medium
4835,"17662745::1,2007",Cancellation request,Low
4837,"20.7,112016",Billing inquiry,Low
4858,3.2.1,Cancellation request,Critical
4859,3.:13301340:03-,Cancellation request,Medium
4862,"2=)]*=""2123859392",Billing inquiry,Low
4878,.</,Billing inquiry,Medium
4885,.?2,Technical issue,High
4890,0.142,Cancellation request,Medium
4898,1.2.30,Product inquiry,Low
4900,.:([$(-'-,Billing inquiry,Critical
4905,50(50,Refund request,Low
4906,"8,2014 4:00,8,2014",Product inquiry,Low
4912,"3,821",Billing inquiry,Critical
4915,00:01:02]::{_}.[00:01:03,Refund request,Low
4927,|:|:4,Cancellation request,Critical
4932,"3801.10,97250",Technical issue,Medium
4935,.3/23/2,Technical issue,Low
4939,"-(4,1)#22:02,2014,11:29:29",Technical issue,Critical
4956,.15,Billing inquiry,Medium
4965,19:39:34]:/,Billing inquiry,Critical
4966,.?.1,Cancellation request,Critical
4969,45/5,Product inquiry,Critical
4970,@$40$46.[:'$60,Cancellation request,Low
4972,"56758 :3,2014",Refund request,High
4979,4.$3,Technical issue,Critical
4989,//2,Cancellation request,Low
4990,57654,Technical issue,Critical
4991,13/01/201312:14,Cancellation request,Medium
4995,.[2017 0712:15:48][/][/,Cancellation request,Critical
5002,17:27]<+,Billing inquiry,Critical
5013,-.4.0@.上星,Billing inquiry,Critical
5016,5.'_},Product inquiry,Low
5020,13).'1,Refund request,High
5022,".)5.',.6",Cancellation request,Critical
5030,.'.?1,Cancellation request,High
5034,"15,,8",Technical issue,High
5036,04757142056142047848734,Technical issue,High
5037,.?[1,Refund request,High
5043,6.6,Billing inquiry,Critical
5051,13:29:29]:/,Cancellation request,Critical
5052,.?.000000,Product inquiry,Critical
5055,0.0013(25,Technical issue,Low
5056,10.00,Technical issue,Critical
5062,$300,Cancellation request,Low
5065,531,Billing inquiry,Low
5079,313,Billing inquiry,Low
5085,10.[12:47:18]?[12:47:12,Billing inquiry,Medium
5088,".{_}.,'.810",Technical issue,Low
5089,20:46:17]:--/:[20:46,Cancellation request,High
5093,2.1.8.1.1.[3]?[3,Technical issue,High
5100,"1#""','.3",Refund request,High
5101,10:18:28]:'[10:18:32]:[10,Cancellation request,Medium
5104,".,'.?,2012",Product inquiry,Low
5125,"@)8,2015",Refund request,Medium
5126,-.610.-.-,Cancellation request,Low
5132,->-,Refund request,Medium
5134,8192,Cancellation request,Medium
5137,.(__='-,Product inquiry,Medium
5141,-~3,Refund request,Medium
5143,4.2,Product inquiry,Low
5144,".""99",Billing inquiry,Critical
5145,/)$39.99,Product inquiry,Critical
5152,2017,Cancellation request,Low
5153,"27/12/2014,6:55:27",Technical issue,Critical
5156,".,.?'10",Technical issue,Low
5174,9/9)–()5,Refund request,Medium
5179,6.!7,Refund request,Low
5180,499,Technical issue,Critical
5197,".'','.?7'-",Technical issue,Medium
5198,000000000000000000000000000000000000000000000000000000000000000000000000000,Refund request,High
5199,5.1.0.2,Technical issue,Low
5207,".}""[0].=""""[0].=",Product inquiry,Medium
5214,"10.,.11",Technical issue,Medium
5215,".""-,50",Cancellation request,Low
5219,5091914-:•,Cancellation request,Critical
5229,"@)13,2014",Refund request,High
5231,///3 3-//3-,Billing inquiry,Medium
5235,1.!2,Billing inquiry,Low
5245,5/11/2014 09:57,Cancellation request,High
5249,-.#8:$6.99/£7.88,Billing inquiry,Medium
5252,"--------------------------------------------------:---------------"""":"""":3",Product inquiry,Medium
5257,.?3.3-,Refund request,Low
5258,3'{_},Technical issue,Low
5261,"-.',.?1",Billing inquiry,Medium
5265,12345678910111213141516,Refund request,Low
5266,"14168$6,00010$6,000011317177$7,0005$7",Billing inquiry,Medium
5269,29$29,Refund request,Low
5277,.2-,Technical issue,Medium
5282,3.17,Billing inquiry,Medium
5286,"4.,,,-'-",Cancellation request,Low
5292,7:00,Cancellation request,High
5293,7/21/13,Billing inquiry,Critical
5296,201514,Product inquiry,Low
5298,"@)30,2016",Technical issue,Medium
5303,868)972 4114,Billing inquiry,Medium
5308,8:46:53][/,Product inquiry,Critical
5316,4.99,Refund request,High
5317,"-.',.?[12:13:39",Billing inquiry,High
5339,".}=""-""=",Technical issue,Low
5341,.)3,Product inquiry,Low
5342,.'2007,Billing inquiry,Medium
5347,".{_}.,'.3",Technical issue,Low
5352,"5,742'2'-",Billing inquiry,Critical
5361,1410353538,Billing inquiry,Low
5367,//__/3,Cancellation request,Critical
5368,"3,{__},{_},$3.00.{3,{__}$1",Billing inquiry,Medium
5370,12:10#2914)7917[22:52,Product inquiry,Low
5372,20:37:22][/,Billing inquiry,Low
5375,"-""?(40",Product inquiry,Medium
5377,1][2,Product inquiry,Low
5378,"@.26,2016",Product inquiry,Low
5382,"18,4,6,8,7,5,11",Technical issue,Critical
5395,|_=|_=3540.00,Billing inquiry,Critical
5396,.24(25)2015,Technical issue,Critical
5398,).(10,Refund request,High
5402,"""(1",Cancellation request,Medium
5405,.{_}$,Product inquiry,High
5406,-2015- -2012-,Billing inquiry,Low
5410,"14.14.,-",Technical issue,Low
5412,12/19/201713:36,Technical issue,Critical
5423,5.00$50.00#102,Refund request,Low
5425,.?.:_(0.10.13.40'-,Cancellation request,High
5432,20_1=6.4$25_2=4.8$31_3=3.9,Product inquiry,High
5433,".,35402:1 800-",Product inquiry,Medium
5436,"1.0/60,?=.7 07:.7",Technical issue,Low
5437,20:37:01][/]:[][][][]:'-,Technical issue,Critical
5438,|][].'-,Cancellation request,High
5442,30:45:38]:**/((6)):(6,Refund request,High
5443,".,.?3.6.0",Refund request,Low
5454,"0.00100,000,000100,000,000,2",Product inquiry,Critical
5458,800 367 2323,Billing inquiry,Low
5464,303)878-,Technical issue,Low
5471,|){$|=;$|=($,Refund request,High
5476,"1.',,.2",Technical issue,Low
5482,"2.-,--'-",Product inquiry,Medium
5485,"();=->("" "");(->==5",Product inquiry,Medium
5492,01:54:22,Cancellation request,Critical
5501,3.4,Technical issue,Medium
5512,13.50$0-$0.50@,Billing inquiry,Critical
5516,.-$19.99,Refund request,High
5525,.?1 2.{'-,Refund request,Medium
5529,2-$3-$6$10 20$30$40-$60$75-$100,Refund request,Low
5531,1.03,Product inquiry,Medium
5532,".?.—(@_)28,2016",Billing inquiry,Low
5534,.?.10.12,Refund request,Critical
5537,3.5.1 2(@)-,Refund request,High
5538,16:43:25,Technical issue,Low
5547,1.10 *@<@,Technical issue,High
5564,".?.3:17 22,2014",Billing inquiry,Critical
5565,.$99,Refund request,Low
5567,1$2.$7$10,Billing inquiry,Low
5569,.:2,Product inquiry,High
5572,.?1,Cancellation request,High
5574,"162015,11:45:498",Product inquiry,Critical
5576,2.{_}.3,Refund request,High
5584,"5.',-(1",Product inquiry,Medium
5594,-$4.95,Refund request,Low
5600,"18.99$50.0050$60.0075$75.00150$100.00180$200.002,000300",Product inquiry,Medium
5605,.?[4.4]-,Technical issue,Low
5622,.'23 1/2,Refund request,Low
5623,"3,4",Cancellation request,High
5624,"-.',.?2",Refund request,Critical
5626,0[_].#1#2,Cancellation request,Critical
5628,05:36][05:36][05:38,Refund request,High
5637,"001250]"""".[001250",Product inquiry,Low
5638,.518 895 1150-,Billing inquiry,Low
5645,.?5:6,Technical issue,Critical
5646,5.00,Product inquiry,High
5648,".?.',.2017-",Product inquiry,Medium
5649,".,'.?55,10",Billing inquiry,High
5650,"24.95,$12.95",Refund request,Critical
5651,3.85,Refund request,Medium
5656,"@)21,2017",Technical issue,Medium
5658,3/41/4.$50.20,Cancellation request,Critical
5661,3.100%.$49.4,Billing inquiry,Low
5666,49.99$39.99$39.99$39,Product inquiry,Critical
5669,0.6,Technical issue,Low
5670,".,.?.#21:$34.99$8",Refund request,Low
5673,2.9,Refund request,Critical
5677,5.0]1255,Refund request,Medium
5687,14.95$5/$14.95.:$6.95:19,Technical issue,High
5688,-!52.11.3,Product inquiry,Medium
5690,0:30 10:1708/11/07,Refund request,Low
5700,.?1:\,Billing inquiry,Low
5706,30.':-,Cancellation request,Low
5716,8073:1140 11-,Refund request,Medium
5722,"4,850.00().$9,750.00$60",Refund request,Medium
5728,.5.4.6-,Refund request,Critical
5729,1.6.1,Refund request,High
5730,.'$12,Billing inquiry,Low
5736,20:27:35.000,Technical issue,Medium
5743,1234567'1.25 2.25 2.50 7.00,Product inquiry,Low
5765,2.10.5-.-,Technical issue,High
5767,-26,Cancellation request,Critical
5768,14#14(,Cancellation request,Critical
5772,112:10:112:10,Product inquiry,Medium
5781,3:2/5:5/5,Technical issue,Medium
5802,"50,000-$75,000$80,000-$100,000$500,000-$10,000",Product inquiry,High
5805,.?2)-,Billing inquiry,Low
5811,13:12,Cancellation request,Low
5812,2.50[]15,Cancellation request,Low
5813,1.1.31.1.5.0.01.1.31.1,Technical issue,Low
5815,.290:,Billing inquiry,Low
5816,.(4,Billing inquiry,Medium
5819,"4.,:-",Refund request,High
5821,1:14-,Billing inquiry,Critical
5822,1:4,Technical issue,High
5823,"6,46",Billing inquiry,Medium
5824,19:$19,Cancellation request,Medium
5826,.?.{__:6,Refund request,Critical
5833,00000000,Refund request,Critical
5836,2004,Product inquiry,Low
5838,4.3,Billing inquiry,Critical
5846,"100:$28.99:04,2017$29.99",Product inquiry,Medium
5849,1546:500:1546,Billing inquiry,Medium
5850,.?$19,Cancellation request,Critical
5851,"50,$50",Cancellation request,Medium
5852,"@)5,2017'-",Refund request,Medium
5860,"3"","""":""0045 0041"","""":""29 01-",Technical issue,High
5869,.?2–2,Technical issue,Critical
5872,"0""$-.$./<<<*$|",Product inquiry,Medium
5874,16:2:2010#2,Product inquiry,Critical
5884,1#4,Technical issue,High
5887,-{_}-$1.00$0,Cancellation request,High
5888,"2,3,4,5,6",Technical issue,Critical
5891,2.2.3:1.8.4-/,Technical issue,Medium
5892,"15,.1/",Product inquiry,High
5894,3./.,Product inquiry,Critical
5896,".?.,:{}=",Product inquiry,High
5901,.$('#_')._->_([1,Cancellation request,Medium
5905,"4,500+:--(1)-",Billing inquiry,Medium
5917,.?:<!--,Product inquiry,Low
5918,"6.'__',.7",Technical issue,High
5923,09:21:39,Refund request,Medium
5924,"11"","""":"""","""":{""'-",Product inquiry,Low
5932,30:14]-[](0->1)-//:/,Billing inquiry,Medium
5942,"1,=2,=.",Billing inquiry,High
5947,/}____=_;/,Technical issue,Medium
5964,--1,Billing inquiry,Low
5978,"1."""".2",Cancellation request,Low
5982,12015,Billing inquiry,Critical
5994,10.00,Cancellation request,Low
6004,112134- 4156,Billing inquiry,High
6010,.(949)744-,Technical issue,Medium
6017,02/1012/10$3.7912/1022,Product inquiry,Low
6018,".?-(22,2017",Billing inquiry,Critical
6032,2448,Cancellation request,Medium
6036,"3,516,720681",Product inquiry,Critical
6052,.@:@&=&1.3-=,Product inquiry,Critical
6054,23000606065,Billing inquiry,Medium
6055,.'.?./--2,Billing inquiry,Critical
6057,0/24/20154:03:10[12](-,Billing inquiry,Medium
6062,1.95$49.99,Billing inquiry,Critical
6080,"3,<3[01:55",Technical issue,Low
6083,16::1.291.29:0020,Cancellation request,Low
6084,02083133,Technical issue,Critical
6090,"//"""".$=[""$",Billing inquiry,Critical
6101,".,.?7/24/2017,1:57",Billing inquiry,High
6106,1.'.23,Refund request,Critical
6117,122015,Billing inquiry,Medium
6119,900.'$1,Billing inquiry,Critical
6121,.?!9935992,Cancellation request,Medium
6138,7.35,Cancellation request,Low
6141,4.0,Technical issue,High
6145,.?.2)+/,Technical issue,High
6147,--2.7.1-'!'-,Technical issue,Critical
6155,12:12:17]:/:.[12:12:18,Billing inquiry,Low
6158,212 456 4444,Product inquiry,High
6165,"02/01/2015,1:12:14]:@",Technical issue,Medium
6167,1)-'-,Billing inquiry,Critical
6169,19:47:15]:'$50,Product inquiry,High
6171,.?1,Cancellation request,Low
6175,~-9201009:29:15,Technical issue,Critical
6176,15.06.1300:21:22.86|||,Product inquiry,Low
6179,".,'.?2",Cancellation request,Critical
6191,157,Product inquiry,Critical
6195,"50}{:,:50",Product inquiry,Medium
6204,07//201604:18:39,Billing inquiry,Critical
6214,".,'4",Cancellation request,Critical
6228,"1414:25:08,0,19:3,,6:55",Billing inquiry,Low
6232,3.1&(926)993 5534=,Cancellation request,High
6233,12.00$12.00,Cancellation request,Medium
6262,4/30/2017]2.1.5-,Technical issue,High
6265,.(1528)/(3)(1,Refund request,High
6270,2.99-$3.99$10,Product inquiry,Low
6275,0095510002][009,Billing inquiry,High
6279,0][0][0][0][0,Refund request,Critical
6293,1234567891011,Refund request,High
6295,182278,Cancellation request,Critical
6303,"----""$45.59",Cancellation request,High
6323,3.0.4,Billing inquiry,Critical
6333,"2018,12",Technical issue,Low
6334,1000.2-,Product inquiry,Medium
6342,"@)8,2016"",""",Refund request,Medium
6353,12:50,Refund request,Low
6357,17:58:58,Refund request,High
6378,.'.?$,Technical issue,Low
6379,"3:,,,8/10",Technical issue,Low
6389,"•','$30.•",Refund request,Low
6392,20:12:53]{_}.[20,Cancellation request,Low
6395,6.6.18,Product inquiry,Medium
6407,-4.1.4,Refund request,Low
6408,8:14:21]:/:![8:14:21]:--,Product inquiry,High
6411,3/1/20133:09:16,Product inquiry,Critical
6417,•:7232318.•:232318.•,Refund request,High
6422,049142626(2,Cancellation request,Medium
6423,1)1)+1)+2)+(2)+(2)(3)+3,Technical issue,Low
6434,.*48,Refund request,Critical
6440,1:$1.30$1$700:$1$1:$,Billing inquiry,Low
6445,4.5•:-•,Technical issue,High
6448,".,'.?'10",Billing inquiry,High
6454,01010105:00,Technical issue,High
6460,866 673 8977,Product inquiry,Medium
6464,"2,9:4511:40",Billing inquiry,Low
6473,/1.://1,Technical issue,High
6474,+5.11/09/'-,Refund request,High
6487,1400151617181920212223,Refund request,Medium
6490,"3.',','.$2014,2017",Technical issue,High
6493,5?55'--,Billing inquiry,High
6495,"."",,'$100,000",Technical issue,Low
6500,"1590,100033",Refund request,Low
6503,".,'.?1",Cancellation request,Critical
6507,.$80$170,Cancellation request,Low
6516,0000000:2005 09-,Product inquiry,Low
6524,.?!6,Billing inquiry,Medium
6525,"1)',.2)/",Product inquiry,Low
6526,"2),.(3",Cancellation request,High
6534,-10,Billing inquiry,Critical
6536,1.9.0/,Cancellation request,High
6543,09%(5,Billing inquiry,High
6544,".,.?3,3'-",Technical issue,High
6549,2{_}3.#$.//</,Billing inquiry,Medium
6558,.?.11011,Technical issue,Low
6563,10:47:40)5,Cancellation request,High
6570,.'.20,Technical issue,Critical
6574,"1.1]'*',''.[1.2",Refund request,Critical
6575,23!$8+$8.$,Product inquiry,Medium
6582,.1801,Cancellation request,Critical
6590,03/07/1300:13:13][/,Product inquiry,Critical
6594,"1577:0014::23,2016",Product inquiry,Medium
6602,08457,Technical issue,High
6608,.?$-.--,Billing inquiry,Low
6615,'$6,Cancellation request,Critical
6616,773 292 3877773 292 1158,Product inquiry,Critical
6617,23:29:36]:/:[23:30:05,Billing inquiry,Medium
6623,2018,Cancellation request,Low
6626,4/4/09,Refund request,Medium
6632,"4-""",Technical issue,Critical
6635,-1][-2,Technical issue,Low
6637,.?774 723 2747,Refund request,Medium
6649,-------------------------////` `.//,Cancellation request,Low
6655,".,'.?'4",Product inquiry,Medium
6656,831-,Refund request,Critical
6668,30-$40,Technical issue,Critical
6671,20:50:13][/,Technical issue,Medium
6672,"15,2017",Product inquiry,Low
6677,05:11:55,Cancellation request,Medium
6686,200,Product inquiry,Critical
6688,1.$1000,Cancellation request,Low
6693,10:54:08,Product inquiry,Low
6695,12345678910,Technical issue,Critical
6698,4.6.5.6.6.'7,Refund request,High
6702,6.6.9,Cancellation request,Low
6703,719 835 1328,Billing inquiry,Critical
6704,"2,527)(516",Cancellation request,Medium
6717,.'.?1,Product inquiry,Medium
6720,"@)19,2017",Cancellation request,Low
6722,"@)1,2017",Billing inquiry,Medium
6723,10#9 112345678910111213#9#8,Billing inquiry,Medium
6729,20.99:5.5″5″:'-,Cancellation request,Critical
6730,.?.3,Billing inquiry,Critical
6742,2.4.1.13,Technical issue,Critical
6763,24.$24,Product inquiry,Medium
6770,4.!5,Refund request,Critical
6773,-:*[0 9]()-,Technical issue,Low
6790,30.1.01.5,Refund request,Medium
6801,.--[17:30:36,Technical issue,Medium
6806,"3,250'{_} $7,000",Product inquiry,Low
6811,0.$_{_}.$,Technical issue,High
6818,0.00,Product inquiry,Critical
6823,"-.',.?[26:29",Technical issue,Medium
6826,--0.7.11.12 1.0 --0,Refund request,Critical
6827,.?802,Product inquiry,Medium
6828,-@.'30,Product inquiry,Medium
6862,4.2.3,Refund request,Critical
6866,20.1$50$6$4$3,Product inquiry,Medium
6869,"-""""{"""":""2"","""":""3",Technical issue,Medium
6870,"2}{,$",Billing inquiry,Critical
6883,.'3,Technical issue,High
6886,14891390,Billing inquiry,Low
6889,.?2,Billing inquiry,Low
6890,"-.""50,000,000",Refund request,High
6891,超地理伝獣,Product inquiry,Low
6893,10261026:15-,Cancellation request,Critical
6900,10:35][_]?[10,Product inquiry,Medium
6901,17:15:20]:**/((858)):(858,Cancellation request,Low
6902,".?.[2 1200:22:18,000 ->00:22",Billing inquiry,Critical
6903,"3.99$29.99""""$3.99",Technical issue,Medium
6904,1980,Billing inquiry,Critical
6909,20:53:23]:/:?[20:53:24,Billing inquiry,Medium
6910,123456789101112131415#=,Refund request,Medium
6911,30.**:1,Product inquiry,Critical
6912,1:'-,Product inquiry,Low
6914,".,.?0.3",Billing inquiry,Medium
6917,35.00:$10.00,Cancellation request,Low
6920,113.3.4.0.9:11,Cancellation request,High
6923,192.168.1,Refund request,Low
6931,21:18:45,Technical issue,High
6939,8/26/201514:36:12]:?[8/26/201514:36,Billing inquiry,High
6943,5(025)_=15(03,Billing inquiry,Medium
6952,".,'.?2",Refund request,Medium
6953,10.10,Refund request,Low
6954,"4.,.5",Technical issue,High
6961,".,.?1.2.0",Product inquiry,Low
6966,5.7.15.7.2,Technical issue,Low
6971,.?~,Cancellation request,Medium
6973,2624:#1248.1248.943_30036705027,Technical issue,High
6983,--''--'.[2,Technical issue,Low
6987,._=._||,Billing inquiry,Medium
6991,012014,Product inquiry,High
6993,0420438944@,Billing inquiry,High
6994,19.00,Billing inquiry,Critical
7001,.:'3,Refund request,Low
7006,0][0]{_}[4,Product inquiry,Low
7020,405.6]*1:[410.16,Billing inquiry,Critical
7021,.?1,Cancellation request,Low
7028,2][](_))(--)-,Product inquiry,Critical
7029,1.1,Technical issue,High
7049,05:54:50]:///,Billing inquiry,Medium
7052,.?.:331#6,Technical issue,High
7058,"0.1.9,0.1.8,0.1",Cancellation request,High
7065,.?:2,Technical issue,Critical
7070,.'.?.$.,Billing inquiry,Low
7080,4:54 9:2,Product inquiry,Medium
7081,14.1,Refund request,Medium
7086,"2513-,,,,#2514-",Technical issue,Low
7090,".?.---:.:,,19",Billing inquiry,High
7110,".,'.?3",Product inquiry,Medium
7111,0:0|:437 549|:0|,Product inquiry,Critical
7115,"-.',.?2",Technical issue,Medium
7118,"29.99,.1",Refund request,Critical
7133,"1:30,,-1",Product inquiry,High
7135,.?$$-$/-,Billing inquiry,Low
7139,"3.,14",Billing inquiry,Low
7141,1.7.5,Product inquiry,Critical
7152,.?'8.1,Billing inquiry,Critical
7158,-|-=,Product inquiry,Medium
7165,"18.5$12.25,'$18",Refund request,High
7184,12.14.1,Billing inquiry,Medium
7196,".46,'-",Cancellation request,Low
7198,"@)28,2017",Cancellation request,Medium
7205,"-,$3.50",Billing inquiry,Critical
7206,-152016.-,Product inquiry,Low
7208,".,'.?,4",Billing inquiry,Medium
7209,.?3:-,Refund request,Low
7217,0.0.10.0.2,Technical issue,Low
7218,$12.00*$15.00*$20.00$30.00,Product inquiry,Low
7220,45.00$0.00$1.00$29.99$37.99,Product inquiry,Low
7225,800)661 4513,Cancellation request,Critical
7228,10)$50.#11,Cancellation request,High
7232,1$=0(0){}{_}=0,Refund request,High
7233,6:12:54][00:18:39,Product inquiry,Medium
7237,"2-$10$50.00,$3.85.#3-$2",Product inquiry,Critical
7240,".,'.?3",Product inquiry,High
7242,"1-""""_.#2@",Cancellation request,High
7254,62$.,Product inquiry,Medium
7271,8.3,Product inquiry,High
7276,1.2012/11/,Billing inquiry,Medium
7297,2–4,Refund request,Medium
7304,-'4.-,Product inquiry,High
7313,1}{__2}{0,Billing inquiry,Low
7315,-001.05,Refund request,Medium
7318,-[_]$0.00,Product inquiry,High
7343,.9.15.17.9.15.16,Refund request,Low
7349,01:47:14]:/,Product inquiry,High
7354,2015,Refund request,Medium
7368,09549 487 439 9398291,Technical issue,Critical
7370,~~~,Refund request,High
7371,0379915:7079825:&:001,Cancellation request,Low
7374,.'.?#1,Refund request,High
7380,"12342479,"""":{"""":""""},"""":10.00",Product inquiry,Medium
7383,"6)(),.(7)150",Technical issue,Medium
7386,\\\\10\'-,Technical issue,Low
7390,--.--$10:--,Product inquiry,Critical
7391,06340040634000054506347001063400,Billing inquiry,Medium
7392,"3:,1 800-(4467",Cancellation request,Low
7394,.?[05:29]*0(~@24,Cancellation request,High
7399,0:52:18][/]:{_},Refund request,Critical
7400,"-.',.?1",Refund request,Low
7403,1.3.0!1.3,Technical issue,Critical
7404,4'{_},Cancellation request,High
7408,2.3 3.-,Cancellation request,Critical
7415,14.50,Technical issue,High
7424,31/322$1,Technical issue,Low
7428,3.'-,Refund request,High
7434,"1.2.31""""1.2.12",Billing inquiry,Low
7435,".(@)8,2017",Cancellation request,Medium
7437,"-.',.?6",Refund request,Critical
7439,3.13.1.1,Billing inquiry,High
7444,1234567891011,Billing inquiry,Medium
7445,"1','2','3''4",Cancellation request,Low
7447,".,'.?'.3'-",Cancellation request,Medium
7452,02:34:48]'-,Product inquiry,High
7455,22.01$44.01$49.74$62.99$64,Technical issue,Medium
7459,.?1.2,Product inquiry,Low
7461,-[2-#3|#|#][[(0 3|100)]]<-,Cancellation request,Medium
7462,".{_}.,'.2",Cancellation request,Low
7468,"-.',.?12",Product inquiry,Critical
7479,|.[]20,Technical issue,Critical
7481,/:$0.99,Refund request,Critical
7489,.!6,Product inquiry,Medium
7493,".,.?:)^^",Billing inquiry,Low
7497,"3,,23-",Refund request,Medium
7505,-10%&$2.50.-,Cancellation request,Medium
7509,13:14,Product inquiry,Critical
7511,1-$17.00-$15.002-$17.00-$14.99,Cancellation request,Medium
7524,"-.',.?1",Cancellation request,Low
7528,.?__=04,Technical issue,Medium
7547,"5,000",Billing inquiry,Medium
7550,1)''-.(2,Refund request,High
7553,4):1)-,Technical issue,High
7560,12018$49.95$50.0012018$49.95$50.00,Refund request,Medium
7569,0:#$1::{_}#$1,Cancellation request,Medium
7573,".,.?,<@",Cancellation request,High
7596,1/28/201206:13:20.2/28/201205,Billing inquiry,Medium
7616,.$30,Billing inquiry,High
7618,04:12][04,Refund request,Low
7621,.?.1234,Refund request,Medium
7628,8.1.1,Technical issue,Low
7629,".,'.?2:5",Refund request,Low
7631,660//,Cancellation request,Medium
7632,".,.?3-",Refund request,Medium
7633,-[:'.]'3,Technical issue,Low
7634,2018 1923:51:03,Refund request,Low
7635,"59,$6.85",Cancellation request,Critical
7636,242222222,Refund request,Low
7642,5.80.4.75,Billing inquiry,Medium
7647,.?1,Billing inquiry,High
7649,.)$75.00,Refund request,High
7658,67708564-,Technical issue,Critical
7665,20/$25$/$50$//$125/$150/$200/////-/,Product inquiry,Critical
7668,5.10.7,Refund request,Critical
7671,"141,0398 201612:18:35#5",Product inquiry,Low
7673,".,"""",""#2",Technical issue,Medium
7679,"01,201712:28:57",Refund request,Critical
7688,".,'.?--$30",Refund request,Critical
7692,13:11]<+]_:'$10?[13,Billing inquiry,Medium
7693,30207,Refund request,Critical
7695,"-'""""(1",Cancellation request,Medium
7698,20:39:25]:/:[20:39:31,Product inquiry,Critical
7708,1249,Cancellation request,Low
7712,2.:-,Product inquiry,Low
7714,1):2,Billing inquiry,Low
7716,.<!--,Refund request,Critical
7722,.{_}{_}1234,Refund request,Critical
7723,10:23]' '$100,Technical issue,High
7724,".(@)24,2017",Technical issue,High
7729,-<-|]||5|||(8,Technical issue,Critical
7735,".,'.?:$",Cancellation request,Critical
7737,2013,Product inquiry,Critical
7741,.?:1,Refund request,Low
7744,"29/12/2014,4:01:34",Billing inquiry,Critical
7746,30.2,Product inquiry,Critical
7748,/16,Refund request,Critical
7751,11129,Technical issue,Medium
7752,4/15/20153:26:43][/,Product inquiry,High
7761,15:18:09]:/:{}?[15:18:20,Cancellation request,High
7765,".,.?![1",Product inquiry,Medium
7768,11332833,Cancellation request,Critical
7774,"-.',.?8",Product inquiry,Critical
7785,1.7,Cancellation request,High
7786,13:48] [13:48,Technical issue,Medium
7788,"-.',.?1",Cancellation request,Medium
7792,3.4.12:5.0,Product inquiry,Medium
7796,/}@$=@(' ')->();(!@-,Cancellation request,Critical
7799,•-2(4,Product inquiry,Medium
7801,1.21.2.1.1,Billing inquiry,Critical
7816,"-.',.?7",Cancellation request,Critical
7819,0].____]==,Product inquiry,Critical
7820,1$1.:@,Technical issue,High
7824,.1.6.$3,Technical issue,High
7828,"/${_},""""$",Technical issue,Medium
7829,-(110) 132013,Product inquiry,Medium
7836,.(2,Product inquiry,High
7852,"-""---=""-""----",Product inquiry,High
7854,5/25/2007@7:22-$22.997,Billing inquiry,Critical
7856,1811:10::3 1812:42:51,Technical issue,Low
7861,-').((){=$.[];$.,Refund request,Critical
7868,'$$$.,Product inquiry,Low
7871,0.0.1,Refund request,High
7872,10:24:05]-,Billing inquiry,Critical
7875,6.1.9.1.5.---,Billing inquiry,Critical
7877,737$1.48,Refund request,Low
7882,12345678910111213141516171819202122232425262728293031,Technical issue,Low
7888,1235678910111213<?//,Technical issue,Medium
7905,2725::2730:2731,Technical issue,Medium
7914,2).3,Technical issue,Low
7917,".'','.?1",Cancellation request,Critical
7919,"4()#$2.99/41,$9.99$39",Product inquiry,Medium
7920,192.168.1.1)(19)2522:22:33,Technical issue,Low
7935,10:22:17]:**/():.[10,Cancellation request,Critical
7938,"3.5""2""",Technical issue,Low
7940,.3.50-,Technical issue,Low
7941,/#_3//[1|2|3|4]-,Product inquiry,Critical
7950,".,1 415",Product inquiry,Low
7957,.?.:{__1,Billing inquiry,Low
7959,3.6.2–() 3.6.1,Cancellation request,Critical
7964,.?->->->-,Billing inquiry,Low
7968,.'.?031600,Refund request,High
7980,1'$39,Billing inquiry,High
7981,"1,499,000{{_}}$1,400,000",Technical issue,Critical
7985,"@_)4,20174",Refund request,Medium
7988,800)278 2700,Technical issue,High
7996,1.6,Technical issue,High
8011,2:23)(3,Cancellation request,Medium
8016,15.99(99.99,Technical issue,High
8021,02:17:18]:--/:[02:17:18,Technical issue,Low
8022,"20,000",Technical issue,Low
8035,3.(.)1,Product inquiry,Medium
8049,"45,46",Refund request,Critical
8051,1525999</,Billing inquiry,Low
8058,0589867,Cancellation request,Low
8060,.'20,Refund request,High
8061,"5.0,'-",Product inquiry,Critical
8063,/(__()>0){=,Cancellation request,Medium
8071,•$17$50/1,Billing inquiry,Low
8077,''.1,Billing inquiry,Low
8080,.?.4,Billing inquiry,Low
8083,".,.?![08/18/201212:19:21",Refund request,Critical
8091,53440:21,Technical issue,High
8092,".,.?,25",Refund request,Critical
8096,.[2:44:45] [2:44:49,Billing inquiry,Medium
8100,4.14.7.1$50,Product inquiry,Critical
8102,-1/4-/-1/2($30)-1/44.50%-1/41.50,Cancellation request,Low
8116,.?-$,Cancellation request,Critical
8124,-.[14:28]/,Refund request,Critical
8128,"•••""""0:30",Billing inquiry,Medium
8137,7)'$50,Billing inquiry,Critical
8141,5.9,Technical issue,High
8142,5.9.4,Billing inquiry,High
8143,152634,Product inquiry,High
8144,20515,Technical issue,Low
8146,29671513,Refund request,High
8155,16:26:43][/,Cancellation request,Low
8162,1.4,Product inquiry,Medium
8163,20.50-,Refund request,Medium
8171,"20.00#4,#2+$7.99",Cancellation request,Medium
8184,.'.?'8.0,Technical issue,Critical
8186,.$35'-,Refund request,Medium
8191,3('30,Product inquiry,Medium
8194,0}{__1}{__2,Product inquiry,Low
8200,.2.3.3[3,Refund request,High
8209,1.2.3-.1.2.2-,Billing inquiry,High
8212,".,'.?42",Billing inquiry,Low
8213,".(@)18,2015",Cancellation request,High
8218,10%$50&.$50,Product inquiry,Medium
8221,@(){(=0;<10;++,Product inquiry,Low
8230,6.2.2-[]6.2.3-,Cancellation request,High
8237,/}(___()?$.,Product inquiry,Critical
8238,.?'2,Technical issue,Critical
8239,-(株に出する-,Billing inquiry,High
8248,3.?''-,Product inquiry,Low
8256,94910280027(:94910280027,Refund request,Low
8258,"5,$1499",Billing inquiry,Low
8263,2013,Refund request,Medium
8265,"2'""','"",'-",Technical issue,Critical
8269,".'','.?$",Refund request,High
8284,.?1,Cancellation request,Low
8290,"2,"""""""".-",Product inquiry,Critical
8293,13:47]'{_} [13:47,Refund request,Medium
8302,.~~~~~,Product inquiry,High
8305,10%$400($40,Refund request,High
8308,.?'.1,Technical issue,Low
8318,2)23,Cancellation request,Low
8320,--$4.99-,Product inquiry,Low
8328,800 813 1258::1.1,Technical issue,Low
8337,"29.49-$29.99$29.49,5-",Technical issue,High
8338,"--,,1.0.45,1.13,0,0.0000.0002",Product inquiry,Low
8344,.?!1123456789101112131415,Cancellation request,Low
8354,"@)25,2015",Cancellation request,Low
8356,"."",$_,=",Billing inquiry,Critical
8357,52017.{__1,Billing inquiry,Critical
8359,".,.?5.5(5",Refund request,Critical
8366,12.99,Cancellation request,Medium
8368,14.3.1,Product inquiry,Low
8369,12454829|:7|:90199|,Technical issue,Medium
8372,.?1,Refund request,Critical
8376,.($,Cancellation request,Medium
8379,-4.'!5,Technical issue,Critical
8388,29% $14.49,Product inquiry,Critical
8397,"-""_"":[{"""":"""","""":""$40",Product inquiry,Critical
8405,.(1)--,Refund request,Low
8407,3.5.2-'.3.5.1,Refund request,Low
8408,.2011-,Refund request,Medium
8409,"@_)21,2014",Cancellation request,Medium
8414,".,'.?2",Cancellation request,Critical
8419,.?24.10,Technical issue,Low
8434,100%1%!81/22'-,Cancellation request,Medium
8437,1.'$4.99'.--.'-,Technical issue,Critical
8439,.'.?$.,Refund request,Critical
8441,-.'.<'-,Refund request,Low
8445,8-$10.00,Billing inquiry,Medium
8446,"40,000",Refund request,Critical
8447,20/100/1000/5/07,Billing inquiry,Critical
8450,---:7097,Refund request,High
8452,"1)(),:1.)7.2",Cancellation request,Low
8453,919–1/5$5.25$919–2/$10$5.25,Refund request,Critical
8458,"199$299,"""".$99",Product inquiry,High
8460,"-1,092-",Product inquiry,High
8464,".,.?[1",Billing inquiry,Medium
8466,35%(2.5').80 100,Technical issue,Critical
